{"cameraMode":{"drawMode":0,"name":"Shaded","section":"Shading Mode"},"sceneLighting":true,"audioPlay":false,"sceneViewState":{"showFog":true,"showMaterialUpdate":false,"showSkybox":true,"showFlares":true,"showImageEffects":true,"showParticleSystems":true},"in2DMode":false,"pivot":{"x":634.2252807617188,"y":-350.84686279296877,"z":1079.098388671875},"rotation":{"x":-0.2877136170864105,"y":-0.11428766697645188,"z":0.03459705039858818,"w":-0.950255811214447},"size":1744.2646484375,"orthographic":false}